musical_id,title,poster_url,genre,date,location,actors,age_rating,running_time,describe,synopsis
190722,레미제라블,http://ticketimage.interpark.com/PlayDictionary/DATA/PlayDic/PlayDicUpload/040001/23/07/0400012307_190722_01.837.gif,라이선스,2023/11/30 ~ 2024/03/10,블루스퀘어 신한카드홀,"민우혁,최재림,김우형,카이,조정은,린아,임기홍,육현욱,박준면,김영주,김성식,김진욱,김수하,루미나,윤은오,김경록,이상아,류인아,장세린,이형준...",,180분 (인터미션 : 20분),,
190036,레베카,http://ticketimage.interpark.com/PlayDictionary/DATA/PlayDic/PlayDicUpload/040001/23/06/0400012306_190036_01.204.gif,라이선스,2023/08/19 ~ 2023/11/19,블루스퀘어 신한카드홀,"류정한,민영기,에녹,테이,신영숙,옥주현,리사,장은아,김보경,이지혜,이지수,웬디,윤석원,임정모,윤사봉,김지선,이은율,홍기주,제병진,김순택...",8세이상,170분 (인터미션 : 20분),"더 이상 수식어가 필요 없는 가장 완벽한 뮤지컬!역사적 10주년 기념공연으로 돌아온 대체불가 ‘메가 스테디셀러’약 13개국, 11개 언어로 공연되며 전 세계 2,100만 관객을 전율케 한 초대형 흥행작!2013년 한국 초연 이후, 2022년 여섯 번째 시즌까지 누적 관람객 95만명 기록!스릴러의 거장 히치콕의 영화로도 유명한 <레베카>!감동적인 로맨스, 반전을 거듭하는 서스펜스, 강력한 킬링 넘버!유럽 뮤지컬 레전드! 극작가 미하엘 쿤체(Michael Kunze)와 작곡가 실베스터 르베이(Sylvester Levay)의 ‘마스터 피스’영국의 대표 작가 대프니 듀 모리에의 소설을 원작으로,스릴러의 거장 알프레도 히치콕의 동명의 영화로도 유명한 뮤지컬 <레베카>!원작을 뛰어넘는 뮤지컬의 탄생이라 불리며 전세계에서 사랑받아온 대작!숨막히도록 아름다운 대저택의 비밀이 밝혀진다!대한민국 초연 10주년 기념 무대를 꾸밀 대한민국 최정상 스태프와 압도적인 완벽 캐스팅 라인업!총괄프로듀서 엄홍현, 연출 로버트 요한슨, 음악감독 김문정 등 국내외 최고의 스태프 총망라!류정한, 민영기, 에녹, 신영숙, 옥주현, 리사, 장은아, 김보경, 이지혜 등 지난 시즌의 히어로들과테이, 이지수, 웬디 등 뉴 캐스팅으로 한층 업그레이드된, 단 한 순간에 관객을 매혹시킬 <레베카> 10주년 기념 공연!","불의의 사고로 아내 레베카를 잃고 힘든 나날을 보내고 있는 막심 드 윈터,그는 몬테카를로 여행 중 우연히 ‘나’를 만나 사랑에 빠지게 된다.행복한 결혼식을 올린 두 사람은 막심의 저택인 맨덜리에서 함께 생활하게 되는데...맨덜리는 아름다웠지만 음산하고 기묘한 분위기를 풍기는 곳이기도 했다.마치 죽은 레베카가 살아 숨 쉬고 있는 것처럼맨덜리의 모든 것은 여전히 레베카에게 깊게 물들어 있고집사 댄버스 부인은 시종일관 무표정을 유지하며 ‘나’에게 경계심을 드러낸다.사랑하는 막심과의 행복한 삶을 꿈꾸던 ‘나’는 점점 위축되어 가고오해가 쌓여 막심과의 관계도 위태로워진다.‘나’가 자괴감에 빠져 괴로워할 때, 레베카의 보트와 시신이 우연히 발견되면서상황은 새로운 국면을 맞이하게 되는데..."
183052,오페라의 유령,http://ticketimage.interpark.com/PlayDictionary/DATA/PlayDic/PlayDicUpload/040001/22/12/0400012212_183052_01.841.gif,라이선스,2023/07/21 ~ 2023/11/19,샤롯데씨어터,"조승우,최재림,김주택,전동석,손지수,송은혜,송원근,황건하,윤영석,이상준,이지영,한보라,박회림,김아선...",초등학생이상 관람가,150분 (인터미션 : 20분),13년 간의 긴 기다림…마침내 한국의 유령이 온다!환영과도 같은 무대사라지지 않을 영원한 당신의 첫 감동!13년 만에 오페라 하우스의 문이 열린다,
190718,벤허,http://ticketimage.interpark.com/PlayDictionary/DATA/PlayDic/PlayDicUpload/040001/23/07/0400012307_190718_01.103.gif,창작,2023/09/02 ~ 2023/11/19,LG아트센터 서울 LG SIGNATURE 홀,"박은태,신성록,규현,이지훈,박민성,서경수,윤공주,이정화,최지혜,이정열,홍경수,한지연,류수화,장혜린,문은수,김대종,이희정,문성혁,공동환,조용휘...",8세이상,155분 (인터미션 : 20분),"대한민국 창작 뮤지컬의 압도적 수작의 귀환!제2회 한국뮤지컬어워즈 대상, 무대예술상, 앙상블상 수상 및 11개 부문 노미네이트!제6회 에그린뮤지컬어워드 앙상블상 수상!작품성과 대중성을 모두 만족시킨 대작!한국 창작 뮤지컬의 새로운 기준을 정립한 수작이 돌아온다!월드클래스 창작 뮤지컬 명가 EMK의 제작 노하우가 더해져 새롭게 탄생할 <벤허>!웅장한 경기장에서 펼쳐지는 마지막 전차 경주!파노라마처럼 펼쳐지는 생생한 수중 탈출 장면!한 편의 액션 영화처럼 역동적이고 박진감 넘치는 볼거리!EMK가 만들어낼 단 하나의 무대, 한국 뮤지컬 기술력의 정수를 만난다!시대를 뛰어넘은 명작의 재탄생!1880년 소설, 1959년 명작의 반열에 오른 영화 <벤허>100년이 넘는 시간 동안 증명된 콘텐츠 파워!시대와 언어를 뛰어넘은 명작이 돌아온다!","서기 26년, 제정 로마의 박해에 신음하는 예루살렘. 명망 높은 유대의 귀족 벤허는 로마의 장교가 되어 돌아온 친구 메셀라와 오랜만에 재회한다. 숱한 전쟁을 겪으며 살아남은 메셀라는 벤허에게 유대의 폭도 소탕을 도와달라 부탁하지만, 벤허는 이를 거절한다.다음 날, 벤허의 여동생 티르자는 집 옥상에서 그라투스 총독의 행군을 구경하다 기왓장을 떨어뜨리는 사고를 낸다. 메셀라는 이를 문제삼아 벤허 가문 전체에 반역죄를 씌운다. 억울한 누명을 쓴 벤허는 로마 군함의 노를 젓는 노예가 된다.3년 후, 벤허가 탄 군함이 해적과의 전투 중 난파되고, 사령관 퀸터스의 목숨을 구한 벤허는 자유의 신분을 얻어 로마의 귀족이 된다. 생사의 위기를 극복한 벤허는 자신의 모든 것을 앗아간 메셀라에게 복수할 것을 결심한다.한편, 예루살렘은 나사렛에서부터 유대의 새로운 왕이 온다는 소문으로 술렁이고, 마침내 고향으로 돌아온 벤허는 메셀라에 맞서 전차경주장의 출발선 앞에 나란히 서게 되는데..."
190723,레미제라블 - 부산,http://ticketimage.interpark.com/PlayDictionary/DATA/PlayDic/PlayDicUpload/040001/23/07/0400012307_190723_01.901.gif,라이선스,2023/10/11 ~ 2023/11/19,부산 드림씨어터,"민우혁,최재림,김우형,카이,조정은,린아,임기홍,육현욱,박준면,김영주,김성식,김진욱,김수하,루미나,윤은오,김경록,이상아,류인아,장세린,이형준...",만 7세이상,,시대를 뛰어넘는 ‘마스터피스’10년 만의 위대한 귀환!한국 라이선스 공연 10주년 기념!역대급 프로덕션으로 돌아온다!생애 반드시 경험해야 할 세계 BIG4 뮤지컬!위대한 명작을 오리지널 스케일로 만날 수 있는 기회!,
191013,시스터즈,http://ticketimage.interpark.com/PlayDictionary/DATA/PlayDic/PlayDicUpload/040001/23/07/0400012307_191013_01.012.gif,뮤지컬,2023/09/03 ~ 2023/11/12,홍익대 대학로 아트센터 대극장,"유연,신의정,선민,황성현,김려원,하유진,정유지,이예은,이서영,정연,홍서영...",,110분,"* 세계 속 한류를 이끄는 걸그룹들, 과연 그들의 시작은 누구였을까?세계적 열풍인 K-pop의 반을 차지하는 걸그룹들. 그들은 치열한 경쟁에서 살아남았으며 지금도 최고의자리를 지키기 위해 혹독하게 스스로를 채찍질하는 대단한 근성의 여성들이다. 이런 한국 걸그룹 파워가 과연 하루아침에 이뤄진 것일까? 혹은 특별한 한국 여성의 유전자가 존재하는 것은 아닐까?연출 박칼린은 이렇게 한국 걸그룹 파워의 시작점에 주목했고, 그 ‘걸그룹 선조- 시스터즈’들의 이야기를 뮤지컬로 담아보기로 결심했다.* 빛바랜 사진 속에서 뮤지컬 무대 위로, 화려하게 부활하는 레전드들이 의문의 답을 찾기 위해 연출 박칼린과 전수양 작가는 80여 년 전으로 거슬러 올라갔다. 현대와마찬가지로 성하고 스러진 수많은 그룹들 가운데 특히 한국 가요사에 족적을 남긴 시스터즈의 이야기를 극에 담아내기로 결심했다. 거기엔 조선악극단의 여성 단원으로 구성된 <저고리 시스터>를 시작으로 60년대 슈퍼 걸그룹 <이 시스터즈>, 대중음악의 전설 <윤복희와 코리아 키튼즈>, 그리고 20세기 후반 한국 대중음악계를 휩쓴 <바니걸즈>와 걸출한 예인 인순이를 배출한 <희자매> 등 거인들이 있었다.일제 강점, 전쟁, 가난, 연예인에 대한 폄하, 여자 가수에 대한 멸시 등 척박한 환경 속에서도 기어코 살아남아 이름을 떨쳤던 그녀들. 특히 라디오가 막 가정에 보급되고 흑백 TV가 전부인 시절에도 사람들의 입에서 입으로 전해지며 유명해지고, 실력을 뽐냈던 그녀들의 화려하고 당당한 무대를 오늘날 뮤지컬 무대 위에서 화려하게 부활시켜 보려고 한다.연출 박칼린은 “쇼 뮤지컬 <시스터즈 (SheStars!)>가 세 가지 여운을 관객에게 남기는 공연이 되길 바란다. 그 첫 번째는 우리 음악 역사에 운명을 개척했던 대단한 여성들이 있었구나. 둘째는 역사물인데도 너무 흥미진진하고 재미있는 구성이었다. 그리고, 마지막으로 그 무대를 채우는 우리 배우들이 정말 시대의 히로인을 표현하기에 손색이 없이 대단하다는 것이다. 100분간의 컴팩트한 시간이 그야말로 쏜살같이 흐르는 즐거운 경험을 할 것”이라고 공연에 대한 기대를 드높였다.* 전 배역을 멀티로 소화해 낼 배우들흑백사진 속 인물들을 현실로 불러내 올 <시스터즈 (SheStars!)>의 배우들은 한국 뮤지컬의 전성기를 이어갈 재능 넘치는 신성들로 구성되었다.유연, 신의정, 김려원, 선민, 하유진, 이예은, 정유지, 정연, 이서영, 홍서영, 황성현 등 크고 작은 무대에서 빼어난 재능을 뽐냈던 배우들은 모두 까마득한 예인 선배들의 무대를 재현하는 배우로 선택된 것에 기뻐하며 전설들의 완벽한 무대 매너, 가창력, 카리스마에 누가 되지 않기 위해 저마다 혼신의 노력을 다할 각오를 비추고 있다.특히 이 배우들의 무대가 더욱 빛날 것은 참여하는 모든 배우가 멀티 배역으로 여러 역할을 소화한다는 점이다.공연에 참여하는 배우는 여배우 10명에 남배우 1명 합쳐 총 11명, 그러나 한 공연의 무대 위 출연배우는 단 7명이다. 이를 위해 각 배우들은 주역 1-3인과 단역 3-4인을 소화하며 고군분투하고 오늘과 내일 소화하는 주요 배역도 달라진다. 단일 서사의 북 뮤지컬에서는 좀처럼 볼 수 없는 주연 배우가 주, 조, 단역을 모두 소화하는 배역 배정은 배우들에게는 새로운 도전정신을 불러일으키고, 관객들에게는 흥미로움과 다 회 관람의 가치를 높인다.배우들이 이 새로운 시스템을 완벽하게 소화해 낼 때, 본인들이 그리는 전설들처럼, 목표를 위해 열심히 노력한 예인으로서의 카타르시스를 느끼게 될 것이며, 그 에너지는 관객들에게 큰 감동을 선사할 것이다.* 10인조 밴드와 함께 그 시절의 느낌 그대로 부활할 시대의 히트곡들지휘자 없이 밴드 마스터와 함께 구성된 10인조 밴드와 각 시대 가수들의 드라마틱한 모습으로 분한 배우들은 ‘처녀 합창’, ’울릉도 트위스트’, ‘What I’d Say’, ’커피 한잔’ 등 시대의 히트곡들을 그 시절 그대로의 감성으로 되살린다. 춤꾼, 노래꾼, 연주자로 대표되었던 그 시절 엔터 업계의 느낌을 그대로 살려 <시스터즈 (SheStars!)>의 밴드는 또 하나의 배우로서 무대 위 존재한다. 금관악기가 주축이 되는 브라스 밴드가 들려주는 시대의 주법을 되살린 음악, 그리고 시스터즈들의 발성과 몸짓을 그대로 재현하는 배우들은 시대의 히트곡들이 왜 관객들의 사랑을 받을 수밖에 없었는지를 증명하는 무대가 될 것이다.* 멈춘 왁스 뮤지엄이 아닌 생생하게 살아 숨 쉬는 시스터즈들의 시그니처 무대이 공연의 가장 큰 특징은 무대 위 진정한 엔터테이너였던 시스터즈들의 최전성기 전설적 무대를 그대로 재현하는 쇼가 중심이 된다는 것이다. 또한 쇼 사이사이에 그 시대 최고의 팝스타가 되기까지 성장 스토리가 드라마틱하게 엮인다. 그녀들의 스토리, 그리고 옛날 신문, 사진, 영상 등 팩트가 가미되어 다큐멘터리를 보는 것 같으면서도 어느 순간 생생한 그 시절이 오늘날 허구의 무대에서 화려하게 재생되는 일종의 모큐멘터리 공연이다.* 하이테크로 완성되는 최고의 아날로그적 무대본 작품 속 무대는 시간과 배경을 초월해서 구성된다.일제 강점기의 경성 조선극장, 미8군 무대, 60년대 라스베가스 호텔, 에드설리번 쇼, 서울 명동 거리 등 역사 속 다양한 배경이 등장한다. 자료화면을 보는 듯한 무대는 어느새 무대 뒤 분장실, 화려한 무대로 변하고, 시스터즈들은 현란한 조명 속에서 춤추며 노래하다 다시 쓸쓸한 무대 뒤에서 앳된 여인으로 돌아간다. 시공간을 초월하는 도구로서 최신 무대 기술은 구현되지만, 그 옛날 의존할 기계음, 포토샵 하나 없이 오로지 자신들의 실력과 아우라로만 무대를 휘어잡아야 했던 그 시절의 가치와 시대 느낌을 지키기 위해, 무대는 하이테크 기술을 통해 더욱더 아날로그적으로 표현된다.",
191968,삼총사,http://ticketimage.interpark.com/PlayDictionary/DATA/PlayDic/PlayDicUpload/040001/23/08/0400012308_191968_01.754.gif,라이선스,2023/09/15 ~ 2023/11/19,한전아트센터,"박장현,후이,렌,유태양,민규,이건명,최대철,김형균,김신의,김현수,신인선,최오식,장대웅,조순창,안유진,류비,이윤하,지수연,서범석,강동우...",만 7세이상,150분 (인터미션 : 20분),"BEST OF BEST!멈추지 않는 흥행, 더욱 화려하게 돌아온 레전드!뮤지컬 <삼총사>17세기 파리, 위대한 전설이 시작된다!최고의 이야기꾼! 세대와 국경을 넘어 지금까지도 사랑받고 있는대문호 알렉상드르 뒤마의 걸작 <삼총사>가 무대 위에 펼쳐지다!왕실 총사를 꿈꾸는 청년 ‘달타냥’과프랑스 왕의 친위부대 삼총사 ‘아토스’, ‘아라미스’, ‘포르토스’ 세 사람의 우정과 모험!낭만적인 17세기 파리를 배경으로 한 아름답고 웅장한 무대와아크로바틱, 검술 등 박진감 넘치는 화려한 액션시대를 넘어 전 세계적으로 사랑받아오며 영화, 드라마 시리즈에서 애니메이션까지수많은 장르로 탄생한, 한 순간도 눈을 뗄 수 없는 흥미진진한 스토리!전설의 팝스타 브라이언 아담스와 스팅, 로드 스튜어트의 ‘All For Love’를 메인 테마로 하는감미로우면서도 웅장한 넘버!국내 최정상 배우들이 거쳐간 <삼총사>박장현, 후이(펜타곤), 렌, 유태양(SF9), 민규(DKZ)이건명, 최대철, 김형균, 김신의, 김현수, 신인선, 최오식, 장대웅, 조순창안유진, 류비, 이윤하, 지수연, 서범석, 강동우, 김상현, 엄준식 등실력파 뉴 캐스팅과 베테랑 배우들이 함께 다시 한번 전설을 만든다!뮤지컬 <삼총사>2023년 9월 15일 한전아트센터 개막!",
190726,렛미플라이,http://ticketimage.interpark.com/PlayDictionary/DATA/PlayDic/PlayDicUpload/040001/23/07/0400012307_190726_01.249.gif,창작,2023/09/26 ~ 2023/12/10,예스24스테이지 1관,"김태한,김도빈,이형훈,방진의,윤공주,최수진,안지환,박보검,신재범,나하나,홍지희,임예진...",8세이상,,,"아폴로 11호가 달을 향해 쏘아 올려진 1969년의 밤.동네 최고의 수선장이 남원은 편지 한 통을 받으며불가능할 것만 같았던 패션 디자이너라는 꿈에 한 발짝 다가선다.사랑하는 정분이와의 멋진 내일을 꿈꾸던 남원은점점 커지는 달에 놀라 쓰러지고.다시 눈을 뜬 곳은 2020년의 어느 날!당황스럽고 어리둥절한 남원 앞에‘영감, 지금은 2020년이고, 우린 70이야!’ 말하는 선희 할머니가 나타난다.2020년이 낯선 듯 익숙한 남원.어떻게든 사랑하는 정분이가 있는 1969년으로 돌아가기 위한 미래 탐사를 시작한다."
192992,순신,http://ticketimage.interpark.com/PlayDictionary/DATA/PlayDic/PlayDicUpload/040001/23/08/0400012308_192992_01.102.gif,창작,2023/11/07 ~ 2023/11/26,예술의전당 CJ 토월극장,"형남희,최인형,이자람,윤제원,권성찬,송문선,고미경,금승훈,김백현,김용한,유경아,정지만,박재은,정유희,김건혜,이영규,이홍모,조근래,최병규,이종한...",만 6세이상,130분 (인터미션 : 20분),"최고의 창작진이 선보이는 서울예술단 창작 신작!국공립단체로서 한국적 콘텐츠의 가치 발굴과 새로운 공연 양식 개발에 집중하고 있는 서울예술단은 이지나(연출), 김문정(작곡), 이자람(작창) 등 국내 최고의 창작진들과 가장 대중적인 역사 속 영웅 이순신을 새로운 양식으로 구현한 신작을 선보인다. 이순신이 전장에서 집필한 ‘난중일기’에 나오는 꿈의 해석을 통해 난세 영웅으로서의 모습과 신하로서의 모습 사이에서 갈등하고 고뇌하는 인간 이순신을 그릴 예정이다. 서울예술단의 특징인 무용수들의 군무와 움직임을 통해 전투 장면을 실감나게 표현하고, 입체적인 영상과 무대효과를 통해 스펙터클한 장면을 연출하며, 동·서양의 음악이 더해진 다이내믹한 음악을 바탕으로 ‘한산’, ‘명량’, ‘노량’ 등 주요 해전 장면은 판소리로 풀어내는 등 토털 시어터를 지향하고 있는 작품이다.","1592년, 임진년 4월 어느 날, 순신은 불길한 꿈을 꾼다. 그의 꿈처럼 임진왜란이 발발하고, 전라좌수사에 천거된 순신은 조선의 바다를 지켜 왜적을 막아낸다. 한산대첩을 앞둔 순신은 거대한 조각들이 구선을 이루고, 철갑이 둘러지는 꿈을 꾼다. 거북선의 형상이다. 한산대첩에 거북선을 활용한 순신은 승리한다. 하지만, 전쟁이 계속될수록 악몽에 시달린다. 전쟁에 대한 무거움, 백성들의 칭송에 대한 버거움, 왜군을 피해 몽진한 선조와 왜군과 정면 승부하는 순신이 대조되며 둘 사이의 갈등에 대신들의 차가운 눈초리까지. 순신은 ‘나라의 충실한 신하가 되어 살아가라’는 그의 이름 ‘순신’처럼 살아가고자 발버둥 친다. 꿈 속 어머니의 당부처럼... 하지만 전쟁에서 승리할수록 순신은 사랑하는 이들을 잃게 된다. 어머니와 아들 면까지. 순신은 또 다시 꿈을 꾼다. 전쟁으로 인해, 순신으로 인해 죽은 이들이 나타나 원망한다. 이들은 배가 고파 쌀을 훔치고, 가족이 보고파 군영을 벗어난 수군들이자, 백성들이다. 엄격한 수장으로서 어쩔 수 없는 선택을 한 순신. 눈물로 용서를 구해보지만 그들은 차갑게 외면한다. 어찌하면 그들에게 속죄할 수 있을까. 순신을 결심한다. 반드시 용서를 구하리라고, 이 전쟁의 끝에서, 살아서가 아니면 죽어서라도."
194463,반짝반짝 백설공주,http://ticketimage.interpark.com/PlayDictionary/DATA/PlayDic/PlayDicUpload/040001/23/10/0400012310_194463_01.618.gif,어린이/가족,2023/11/04 ~ 2023/11/19,달밤엔씨어터,,전체관람가,50분,,
194225,난쟁이들,http://ticketimage.interpark.com/PlayDictionary/DATA/PlayDic/PlayDicUpload/040001/23/10/0400012310_194225_01.143.gif,창작,2023/11/01 ~ 2024/01/21,플러스씨어터 (구. 컬처스페이스 엔유),"유현석,기세중,윤석호,조풍래,류제윤,장민수,정우연,박슬기,한보라,안상은,이경욱,선한국,서동진,남민우,주민우,이건희...",17세이상,120분,"내숭은 벗어던진 발칙한 이야기어른이 뮤지컬 난쟁이들2014년 뮤지컬 하우스 블랙앤블루 개발지원작제 3회 서울뮤지컬페스티벌 예그린 앙코르 최우수 작품 선정작2015, 2017 한국문화예술위원회 창작뮤지컬 우수재공연 제작지원 선정작발칙,신선,유쾌! 다 있다!거침없이 웃기는 웰메이드 창작뮤지컬이 다시 돌아왔다!독특한 소재, 신선한 시도, 그리고 파격적인 웃음으로2015년 초연 이후 매 시즌마다 화제를 모으며 큰 사랑을 받았던창작 뮤지컬 <난쟁이들>이 넘치는 개성과 에너지로 독보적 웃음 선사할캐스팅으로 2년여 만에 다시 돌아왔다!★★★★★풍자적인 가사를 경쾌한 멜로디로 풀어내 극을 다채롭게 만들며,배우들의 익살스러운 연기가 돋보이는 작품-조선일보기존의 문법을 완전히 깨부순 발칙하고 유쾌한 창작 뮤지컬B급 코드를 제대로 관통한 뮤지컬의 탄생-국민일보박장대소 속에 날카로운 메시지를 숨겨 우리를 둘러싼 현실을 되돌아보게 하는 작품-뉴스컬처","왕자와 공주들의 아름다운 사랑이 이루어지는 동화나라!그 곳 난쟁이 마을에 난쟁이 찰리와 빅이 살고 있다. 그들은 매일 광산에서 하루 종일 보석을 캐지만 아무리 열심히 벌어 봤자 답답한 현실에서 벗어날 기미가 보이지 않는다.그러던 어느 날, 동화나라에 무도회가 열린다는 공고가 난다. 오랜 전통대로 무도회에서 진실한 키스를 하는 커플이 새로운 동화의 주인공이 된다는 소식은 인생 역전의 기회만 노리던 찰리의 심장을 뛰게 한다.그는 빅과 함께 재투성이 신데렐라를 공주로 만들어 준 마녀 할머니를 찾아가 왕자를 만들어 달라고 하지만 마녀는 이젠 개천에서 용 나던 시절은 지났다며 마법도 소용없다고 말한다.하지만 찰리와 빅은 포기하지 않고 급기야 마녀와 거래를 하게 되는데..."
192343,옹알스,http://ticketimage.interpark.com/PlayDictionary/DATA/PlayDic/PlayDicUpload/040001/23/08/0400012308_192343_01.834.gif,창작,2023/09/30 ~ 2023/12/31,세우아트센터 2관,"조수원,조준우,채경선,최기섭,하박,이경섭,최진영...",48개월이상,70분,,
193854,더 쇼! 신라하다 - 경주,http://ticketimage.interpark.com/PlayDictionary/DATA/PlayDic/PlayDicUpload/040001/23/09/0400012309_193854_01.939.gif,뮤지컬,2023/10/21 ~ 2023/12/07,경주 엑스포공원 문화센터문무홀,"세용,유권,남경주,김동완,린지,낸시,박소현,심건우,김성현,우정민,키준,박온,김유민,김경목,박솔하,유민혜,김민주,차재영,권민주,김준일...",8세이상,80분,"새로운 세상이 펼쳐진다!뮤지컬 <더 쇼! 신라하다>“2023 경상북도문화관광공사 신라문화기반 창작 뮤지컬 선정”찬란한 과거의 신라와 역동적인 현대를 넘나들며 펼쳐지는 쇼 뮤지컬!10월 21일 경주엑스포대공원 문화센터 문무홀 개막!국내 최고의 창작진과 스타들이 함께하는 공연남경주, 김동완, 세용(마이네임), 유권, 린지, 낸시, 박소현 外압도되는 퍼포먼스! 신나는 춤과 음악!무대의 한계를 뛰어넘는 영상 예술까지!무대 위 새로운 세상을 펼친다!","2023년 한국, 댄스팀 ‘홀스’의 리더 처영은 세계 대회를 앞두고 팀원들과 불화를 일으킨다.안 그래도 자신보다 실력이 모자란 멤버들 때문에 제 기술을 마음껏 선보이지 못하던 처영은이럴 바엔 차라리 혼자 춤을 추는 것이 낫지 않을까 생각하게 되는데…이런 그의 앞에 한 중년 남자가 나타난다.자신을 하늘에 바칠 그림을 그리는 사나이라고 소개한 그는처영의 춤이 좋은 영감이 될 것 같았는데 무언가 모자라다며 혼자 혀를 찬다.어딘가 이상해보이는 그를 처영이 쫓아내려던 순간갑자기 지진이 난 듯 세상이 흔들리기 시작했다.그리고 눈을 떴을 때, 처영은 통일 신라에 떨어져 있었다.설상가상으로 신라 사람들은 그를 ‘동해 용왕의 아드님’이라고 연호하기 시작하는데…처영은 무사히 21세기 대한민국으로 돌아갈 수 있을까?"
193404,빨래,http://ticketimage.interpark.com/PlayDictionary/DATA/PlayDic/PlayDicUpload/040001/23/09/0400012309_193404_01.734.gif,창작,2023/10/12 ~ 2024/05/26,유니플렉스 2관,,14세이상,165분 (인터미션 : 15분),,
194470,동화책콘서트 - 대전,http://ticketimage.interpark.com/PlayDictionary/DATA/PlayDic/PlayDicUpload/040001/23/10/0400012310_194470_01.359.gif,어린이/가족,2023/11/02 ~ 2023/12/03,아트그라운드 플래닌,,24개월이상,,,
190256,그림책 속 제주이야기,http://ticketimage.interpark.com/PlayDictionary/DATA/PlayDic/PlayDicUpload/040001/23/06/0400012306_190256_01.621.gif,어린이/가족,2023/11/02 ~ 2023/11/26,아이들극장,,36개월이상,80분,,
164746,프리즌,http://ticketimage.interpark.com/PlayDictionary/DATA/PlayDic/PlayDicUpload/040001/21/04/0400012104_164746_01.341.gif,창작,2021/05/01 ~ 2023/12/31,에이치씨어터,"손동진,최승환,홍차민,안중현,김세훈,신연우,하준석,이강오,김동훈,추정민,조웅희,윤선우,한미래,장수빈,강유진...",만 7세이상,100분,,
193773,오즈의 의류수거함,http://ticketimage.interpark.com/PlayDictionary/DATA/PlayDic/PlayDicUpload/040001/23/09/0400012309_193773_01.702.gif,창작,2023/11/03 ~ 2023/12/31,대학로 시온아트홀,,만 7세이상,80분,,
194902,헨레과 그레텔의 과자 콘서트 - 청주,http://ticketimage.interpark.com/PlayDictionary/DATA/PlayDic/PlayDicUpload/040001/23/10/0400012310_194902_01.728.gif,어린이/가족,2023/10/23 ~ 2023/12/15,오즈아트홀,,전체관람가,40분,,
191356,셰프,http://ticketimage.interpark.com/PlayDictionary/DATA/PlayDic/PlayDicUpload/040001/23/07/0400012307_191356_01.040.gif,퍼포먼스,2023/08/01 ~ 2023/12/31,명보아트홀 가온홀,,36개월이상,75분,,
193702,시스터 액트 - 부산,http://ticketimage.interpark.com/PlayDictionary/DATA/PlayDic/PlayDicUpload/040001/23/09/0400012309_193702_01.100.gif,라이선스,2023/11/04 ~ 2023/11/11,센텀시티 소향씨어터 신한카드홀,,8세이상,150분 (인터미션 : 20분),,
194005,누가 내 머리에 똥 쌌어 - 부천,http://ticketimage.interpark.com/PlayDictionary/DATA/PlayDic/PlayDicUpload/040001/23/09/0400012309_194005_01.117.gif,어린이/가족,2023/11/07 ~ 2023/11/19,한국 만화박물관 내 만화영화상영관,,전체관람가,50분,,
194189,까먹어도 될까요,http://ticketimage.interpark.com/PlayDictionary/DATA/PlayDic/PlayDicUpload/040001/23/09/0400012309_194189_01.423.gif,어린이/가족,2023/10/25 ~ 2023/11/18,광진어린이공연장,,36개월이상,50분,,
194661,무지개 요정 올리볼리 - 광주,http://ticketimage.interpark.com/PlayDictionary/DATA/PlayDic/PlayDicUpload/040001/23/10/0400012310_194661_01.854.gif,어린이/가족,2023/11/07 ~ 2023/11/19,광주 유스퀘어문화관 동산아트홀,,24개월이상,70분,,
181148,김종욱 찾기,http://ticketimage.interpark.com/PlayDictionary/DATA/PlayDic/PlayDicUpload/040001/22/11/0400012211_181148_01.708.gif,창작,2022/11/18 ~ 2023/11/30,"브릭스 씨어터 (구, 콘텐츠 그라운드)","김시울,이재형,정현준,홍차민,김건영,김소정,김재희,배다솜,서지우,심설빈,문준혁,박형석,안지후,윤병일,이광진...",만 7세이상,100분,,
192173,판,http://ticketimage.interpark.com/PlayDictionary/DATA/PlayDic/PlayDicUpload/040001/23/08/0400012308_192173_01.923.gif,창작,2023/09/19 ~ 2023/11/26,대학로 티오엠 1관,"김지철,문성일,현석준,원종환,김지훈,김국희,박은미,김지혜,박란주,송영미,류경환,김효성,임소라,서원,최영석...",14세이상,110분,,
192425,위윌락유,http://ticketimage.interpark.com/PlayDictionary/DATA/PlayDic/PlayDicUpload/040001/23/08/0400012308_192425_01.518.gif,라이선스,2023/09/22 ~ 2023/12/31,더굿씨어터,"곽동현,박현규,박준희,동명,연호,이소정,장연경,정예인,한유란,황한나,신현묵,백승렬,하웅환,황인욱,이재웅,박신형,유정우,엄채윤,박찬우,장준환...",8세이상,110분,"AMAZING ROCK MUSICAL IS HERE!전 세계 1,500만 관객을 열광시킨 뮤지컬 속 주인공들이2023년으로 타임슬립을 했다?!‘미스터빈’을 집필한 영국의 인기작가 ‘벤 엘튼’ 원작!‘QUEEN’의 주옥 같은 명곡들!실력파 국내 크리에이티브 팀이 탄생시킨 새로운 스토리!전설의 록밴드 QUEEN의 음악으로 구성된최고의 뮤지컬 의 스핀오프 에피소드!강렬한 록음악과 트렌디한 팝안무의 놀라운 콜라보,다채로운 영상과 원작의 의상이 만들어내는 화려한 볼거리!소극장에서 펼쳐지는 어메이징 록뮤지컬즐겨라, 노래하라, 열광하라!WELCOME TO THE QUEEN WORLD!","전설의 기타를 뽑아들고 달릴 거야! 널 다시 만날 때까지!2223년 픽셀 휴먼 킬러퀸이 지배하는 아이플래닛이 되어버린 지구. 모든 인간은 슈퍼컴퓨터에 의해 정해진 인생만을 살아야 하고 이를 따르지 않을 시 사살된다.사랑과 음악, 선택의 자유가 빼앗긴 인간들 중엔 아이플래닛과 대항하기 위해 혁명군들이 결성되고 그들을 우리는 보헤미안이라고 부른다.보헤미안의 대장 갈릴레오와 스카라무슈는 아이플래닛의 슈퍼컴퓨터를 폭파하기 위해 그들의 심장부로 잠입하지만 킬러퀸의 총사령관 카쇼기에 의해 스카라무슈가 죽고 만다.갈릴레오는 어느 우주에선가는 스카라무슈가 살아있을 거라 생각하고 다시 그녀를 찾기 위해 전설의 기타를 뽑아들고 200년 후의 과거로 들어서는데.과연 갈릴레오는 이곳에서 스카라무슈를 만나 다시 사랑을 이룰 수 있을까?그리고 2223년의 지구를 아이플래닛으로부터 구해낼 수 있을까?"
193975,아기돼지 삼형제,http://ticketimage.interpark.com/PlayDictionary/DATA/PlayDic/PlayDicUpload/040001/23/09/0400012309_193975_01.523.gif,어린이/가족,2023/10/03 ~ 2023/11/30,스타스테이지 (구 원패스아트홀),,24개월이상,50분,,
194128,인사이드미,http://ticketimage.interpark.com/PlayDictionary/DATA/PlayDic/PlayDicUpload/040001/23/09/0400012309_194128_01.037.gif,창작,2023/10/13 ~ 2023/12/31,JTN 아트홀 2관,,전체관람가,110분,,
194688,마술사 제이티의 과학실험실 - 부천,http://ticketimage.interpark.com/PlayDictionary/DATA/PlayDic/PlayDicUpload/040001/23/10/0400012310_194688_01.145.gif,어린이/가족,2023/10/29 ~ 2023/11/19,솔안아트홀,,24개월이상,50분,,
167758,알사탕,http://ticketimage.interpark.com/PlayDictionary/DATA/PlayDic/PlayDicUpload/040001/21/08/0400012108_167758_01.206.gif,어린이/가족,2021/09/18 ~ 2024/03/03,서울숲 씨어터 1관,"안진영,이지민,박혜진,홍동하,김나혁,김하얀,문용현,김대운...",12개월이상,60분,,
174075,아기돼지야 준비해 - 청주,http://ticketimage.interpark.com/PlayDictionary/DATA/PlayDic/PlayDicUpload/040001/22/04/0400012204_174075_01.804.gif,어린이/가족,2022/04/23 ~ 2024/02/04,소극장 쇠내골,"허선우,이혜림,박선령,조재문",전체관람가,60분,‘준비하는’ 아기돼지 VS ‘생각하는’ 늑대늑대로부터 집을 지켜라!원작 ‘아기돼지 삼형제’를 뮤지컬로! 개성 넘치는 삼형제가 보여주는 색다른 재미!삼형제의 집 짓기를 함께 도우며 생활안전에 대해 알아가자! 참여하며 배우는 <생활안전교육> 뮤지컬!,“늑대가 들어오지 못하게 미리미리 준비하는 거야!”한 마을에 아주 귀여운 아기돼지 삼형제가 살고 있었어요형제는 노래도 부르고 춤도 추며 평화로운 일상을 보내고 있었죠그러던 어느 날 배고픈 늑대가 나타나서 이들의 평화로운 일상이 깨졌어요!위기에 처한 아기돼지 삼형제는 각자 자신만의 방법으로 해결책을 찾아보는데…!
174445,당신만이,http://ticketimage.interpark.com/PlayDictionary/DATA/PlayDic/PlayDicUpload/040001/22/05/0400012205_174445_01.050.gif,창작,2022/05/27 ~ 2023/12/31,JTN 아트홀 3관,"장인혁,박민승,박준성,이일진,손예슬,이민지,박세웅,차은진,권성민,이태이,신예준...",미취학아동 입장불가,120분,,
175240,난타 - 명동,http://ticketimage.interpark.com/PlayDictionary/DATA/PlayDic/PlayDicUpload/040001/22/05/0400012205_175240_01.026.gif,퍼포먼스,2022/07/08 ~ 2024/03/31,명동 난타 전용관,,12개월이상,90분,,
175832,써니텐,http://ticketimage.interpark.com/PlayDictionary/DATA/PlayDic/PlayDicUpload/040001/22/06/0400012206_175832_01.859.gif,창작,2022/07/08 ~ 2023/11/30,대학로 하마씨어터,"임재혁,렉스,한수인,최하선,배기성,권도윤...",만 10세이상,100분,,
180502,댄싱피버,http://ticketimage.interpark.com/PlayDictionary/DATA/PlayDic/PlayDicUpload/040001/22/10/0400012210_180502_01.102.gif,창작,2022/04/25 ~ 오픈런,해당공연 공연장,"천상민,김재욱,조제상,황지민,최수연,박혜림,박가은,박소진,최솔,김보경,김지성,심예진,권은서,민나래,이슬기,현수아,장연수,곽영철,이준녕,이준범...",전체관람가,80분,"대한민국의 뒤덮은 댄스 열풍으로 TV나 공연에서도 댄서들의 인기가 하늘을 찌르고 사람들은 댄스 학원에 등록해 각가지 춤을 배우는 것이 유행인 시대의 흐름에 맞춰 춤생춤사 인생을 사는 주인공의 재기를 위한 갈등과 포용, 화합을 통해 우리는 과연 자신의 인생에서 가장 중요한 것을 위해 치열하게 싸워 보았는가 하는 메세지와 공감, 감동을 전달하고자 한다.","어린 시절 춤꾼들 사이에서는 알아주는 실력자로 인정받았던 태양은 확고한 스타일과 자신의 춤에 대한 고집 때문에 함께 하던 동료들과 멀어 지고 빠르게 바뀌는 춤의 흐름에서 동떨어지면서 지금은 생계를 위해 동네 댄스학원에서 수강생들에게 다이어트 댄스를 가르치고 있다. 어느 날, 함께 춤을 췄던 친구 루아가 태양을 찾아와 몸치를 댄서로 변화시키는 유튜브 콘텐츠를 기획하고 있다면서 태양에게 미미와 유연에게 춤을 가르쳐 댄서로 만들면 엄청난변화를 받아들이지 않아 최고의 자리에서 대중의 비난을 받으며 바닥으로 곤두박질 친 태양의 과거를 너무 잘 알고 있는 루아는 포기하지 않고 태양을 설득하고 루아의 진심 어린 위로와 조언에 용기를 얻은 태양은 스스로를 위해 도전 해보기로 하는데 태양은 과연 몸치에 박치인 미미와 유연을 댄서로 변화 시키고 다시 한 번 춤신춤왕으로 대중들 앞에 거듭날 수 있을까? 자신의 인생에서 가장 가치 있다고 생각하는 것을 위한 치열하고 짠내 나는 도전이 지금 바로 시작된다!"
180569,하트시그널,http://ticketimage.interpark.com/PlayDictionary/DATA/PlayDic/PlayDicUpload/040001/22/10/0400012210_180569_01.519.gif,창작,2022/11/02 ~ 2023/11/30,대학로 하마씨어터,"손영우,염승윤,김여진,한미래,지인규,임재혁...",만 14세이상,90분,,
182870,아기 돼지 삼형제,http://ticketimage.interpark.com/PlayDictionary/DATA/PlayDic/PlayDicUpload/040001/22/12/0400012212_182870_01.822.gif,어린이/가족,2023/01/07 ~ 2023/12/31,서연아트홀(구 인아소극장),,24개월이상,60분,,
183324,런던레코드,http://ticketimage.interpark.com/PlayDictionary/DATA/PlayDic/PlayDicUpload/040001/23/01/0400012301_183324_01.132.gif,창작,2023/01/13 ~ 2023/12/31,인사아트홀 1관,"이채원,해리 벤자민",전체관람가,90분,,
185526,언제는 행복하지 않은 순간이 있었나요,http://ticketimage.interpark.com/PlayDictionary/DATA/PlayDic/PlayDicUpload/040001/23/02/0400012302_185526_01.755.gif,창작,2023/03/14 ~ 2023/12/31,M스테이지,"이리건,한채은,이채원,성준희,추연제,이명제...",전체관람가,120분,,
185531,인피니티 플라잉 - 경주,http://ticketimage.interpark.com/PlayDictionary/DATA/PlayDic/PlayDicUpload/040001/23/02/0400012302_185531_01.018.gif,퍼포먼스,2023/04/04 ~ 2023/11/30,경주 엑스포공원 문화센터문무홀,,36개월이상,80분,,
186496,더 맨 얼라이브,http://ticketimage.interpark.com/PlayDictionary/DATA/PlayDic/PlayDicUpload/040001/23/03/0400012303_186496_01.636.gif,창작,2023/05/12 ~ 2023/12/31,서울숲 씨어터 2관,"이유청,강청광,김준석,김성길,박휘범,강태욱...",만 19세이상,75분,,
186831,왓 이프,http://ticketimage.interpark.com/PlayDictionary/DATA/PlayDic/PlayDicUpload/040001/23/03/0400012303_186831_01.053.gif,창작,2023/05/19 ~ 2023/12/31,룸씨어터,"이정휘,박하은,정세지,김하준,박태준,표혜미,전소민,김진솔,성민범,윤진웅,권현욱,장경원,김정혁...",만 13세이상,100분,"""내가 아닌 다른 사람으로 산다면 어떤 사람이 되고 싶습니까?""전쟁터 같은 직장에서 내성적이고 소심한 성격 탓에상사와 후배에게 치여도 제대로 말 한마디 하지 못하는 주인공 주명.어쩌면 오늘을 살아가는 우리의 모습과 닮아있습니다.그렇게 말을 잃고 의욕을 잃고 희망도 잃어버리면어디로 향하는지 모른 채 점점 자신의 빛을 잃게 됩니다.그래서 우리는 종종 만약 내가 아닌 다른 사람이 되면 어떨까 상상합니다.그런 주인공 주명에게 어느 날 판타지 같은 일이 펼쳐집니다.다른 사람으로 살아갈 수 있는 절호의 기회!이 기회로 평범한 주인공이 사랑도 일도무엇보다 자신의 인생을 환하게 빛낼 수 있을까요?직장인들이 공감할 이야기와 아찔한 로맨스 그리고 현실 웃음까지.<왓 이프>에서 만나보시기 바랍니다. 많이 기대해주세요","일에 대한 열정도 사랑에 대한 호기심도 잃은 지 오래인 30대 직장인 주명.반짝반짝했던 젊음은 온데간데 사라지고 껍데기뿐인 삶만 남아 허우적거리며 살아가고 있다.회사에서 일명 '고스트'라 불리며 무존재감으로 살아가던 중어느날, 완벽남 차은유 과장의 등장으로 평범했던 일상이 두근거리기 시작했다.그의 마음이 얻고 싶은 주명은 회사에서 유일하게 의지하고고스트 동지 유신에게 고민 상담을 받게 되는데유신은 가문 대대로 소원을 들어주는 신비한 능력이 있다며믿을 수 없는 이야길 꺼내며 다섯 가지 소원을 들어주기로 약속한다.과연 주명이 다섯 가지 소원으로완벽남 차은유의 마음을 뺏을 수 있을까?"
186925,아리 아라리 - 정선,http://ticketimage.interpark.com/PlayDictionary/DATA/PlayDic/PlayDicUpload/040001/23/04/0400012304_186925_01.348.gif,창작,2023/04/02 ~ 2023/11/27,아리랑센터,"홍성민,계현욱,조슬아,안소연,신현영,김솔,양도선,전민혁,김태성,김화영,남현우,이정선,한다연,남호윤,윤승진,한승호,이주현,윤채은,황인욱,송재이...",만 6세이상,75분,"<아리 아라리>는 정선아리랑문화재단 사업의 일환이자 정선아리랑의 대중화와 세계화의 의지를 담은 공연으로써, 지역 브랜드의 가치를 높이고 관광객 유치에 일조한다. 공연 관람 후 지역 화폐 인 ‘정선아리랑상품권’으로 전액환급을 해주어, 지역 문화 활성화뿐 아니라 지역경제 활성화에도 큰 역할을 하고 있다.2018 평창 동계올림픽 기념공연 당시 국내외 1만 관객이 열광하고 2019년 서울 국립국 악원에서 개막한 4회차 공연도 전석 매진, 2020년 웰컴대학로 공연에서 공연기간 내 객석 점유율 80%라는 성과를 이루었으며, 2022년 국립중앙박물관 극장 용에서 기획 공연 진행,2023년엔 세계공연예술축제 중 하나인 2023 애들레이트 프린지 코리아시즌에 참가하여 위클리어워드 ???????? ?????????????? & ???????????????? ?????????????? ?????????? 수상하기도 하였다.","조선시대, 경복궁 중수를 위해 강원도 정선의 우수한 소나무를 한양으로 보내라는 어명이 떨어진다. 최고의 나무꾼 ‘기목’은 사랑하는 아내 ‘정선’과 딸 ‘아리’를 뒤로 한 채, 뗏목을 몰고 한양으로 떠난다.뛰어난 실력으로 돈을 많이 번 ‘기목’은 경복궁 완공 축하 잔치에서  예상치 못한 함정에 빠져 집에 갈 차비마저 빼앗기고 기억을 잃고 마는데....한편, ‘기목’이 떠난 후 15년 동안 ‘기목’이 죽은 줄로 알고 제사를 지내던 가족은 장돌뱅이에게 ‘기목’이 살아있다는 소식을 듣게 되고, 숙녀가 된 ‘아리’는 당장 아버지를 찾으러 한양으로 떠나는데...."
187126,오즈의 마법사,http://ticketimage.interpark.com/PlayDictionary/DATA/PlayDic/PlayDicUpload/040001/23/04/0400012304_187126_01.734.gif,어린이/가족,2023/05/05 ~ 2023/11/19,스타스테이지 (구 원패스아트홀),,24개월이상,50분,,
187149,신데렐라,http://ticketimage.interpark.com/PlayDictionary/DATA/PlayDic/PlayDicUpload/040001/23/04/0400012304_187149_01.329.gif,어린이/가족,2023/05/07 ~ 2023/11/19,스타스테이지 (구 원패스아트홀),,24개월이상,50분,,
188333,고두영의 키즈 매직쇼 - 화성,http://ticketimage.interpark.com/PlayDictionary/DATA/PlayDic/PlayDicUpload/040001/23/05/0400012305_188333_01.624.gif,어린이/가족,2023/05/27 ~ 2023/11/26,더퍼포머 씨어터,,전체관람가,60분,,
188405,더 오디션,http://ticketimage.interpark.com/PlayDictionary/DATA/PlayDic/PlayDicUpload/040001/23/05/0400012305_188405_01.543.gif,뮤지컬,2023/03/02 ~ 2023/12/31,해당공연 공연장,"양동헌,송정현,정인지,신혜민",중학생이상 관람가,80분,창작뮤지컬은 학생을 주 관객으로 하는 하이틴 뮤지컬입니다.아이돌 연습생들이 꿈과 목표를 위해 함께 노력하고 그 과정에서 갈등과 화해를 겪으며 성장해 나가는 이야기입니다.팝 뮤지컬의 형식을 띄고 있어 공연의 모든 넘버가 관객들에게 친숙할 수 있는 노래들로 구성되어 있으며 요즘 학생들이 가장 선호하는 직업 ‘아이돌’을 소재로 다루면서 깊은 공감과 감동을 이끌어내고 있습니다.무대 위 스타들의 화려한 겉모습 속에는 상상도 못할 인내와 노력이 동반된다는 교훈을 통해 공연을 보는 관객들이 자신의 꿈에 대해 다시 한번 되돌아보고 꿈을 가지고 정진하는 것이 얼마나 값지고 대단한 용기를 필요로 하는 것인지에 대해 생각해 볼 수 있는 작품입니다.,"서주혁과 유가을, 최도치, 김미소는 같은 소속사 연습생으로 한 팀이다.주혁과 가을이 팀을 이끌지만 팀에 만족하지 못하는 도치 때문에 번번이 분위기가 깨진다.회사에서 데뷔를 위한 선발 오디션이 열리고 모두 연습이 한창인 때 도치의 돌발행동으로 오해가 생기고 팀은 와해된다.급기야 도치가 연습생을 그만두고 팀원들은 희망도 없는 꿈에 시간 낭비하기 싫다는 도치를 붙잡지 못한다.세상에 나선 도치는 현실이라는 벽에 부딪혀 좌절하고, 꿈을 위해 노력하던 시간이 얼마나 즐거웠는지와 같은 꿈을 키우던 팀원들을 떠올리게 된다.방황하던 도치는 우연히 마주친 미소를 구해주며 팀원들에게 돌아갈 용기를 내는데, 도치의 걱정과 달리 팀원들은 다시 손을 내밀었고 네 사람은 힘을 합쳐 꿈을 위한 오디션을 준비한다."
188410,버디버디,http://ticketimage.interpark.com/PlayDictionary/DATA/PlayDic/PlayDicUpload/040001/23/05/0400012305_188410_01.132.gif,뮤지컬,2023/03/02 ~ 2023/12/31,해당공연 공연장,"이승준,주승훈,엄희준,권용덕",중학생이상 관람가,80분,"10대 아이들 사이에서 빈번하게 일어나는 학교폭력, 사이버 폭력, 음주, 흡연 등 심각한 문제를 비중 있게 다루면서 유령이라는 판타지 요소를 사용해 학생들의 흥미를 유도하고 있습니다.신나는 자작곡, 경력 있는 배우들의 실감 나는 연기로 재미와 즐거움 보상!수준 높은 뮤지컬 넘버, 안무, 관객 참여로 기존 공연들에 만연했던 낮은 완성도와 비교되는 격조 높은 뮤지컬을 만끽할 기회입니다.창작 뮤지컬<버디버디>는 이제까지 접해왔던 학생 대상 공연의 한계를 뛰어넘는 웰메이드 하이틴 뮤지컬로 수많은 학교에서 호평과 러브콜을 받고 있습니다.",만년왕따 고동만은 행복 고등학교로 전학 간 첫날 우연히 댄스동아리 ‘버디’에 들어가게 되고 그곳에서 최강호와 나태희를 만난다. 춤에 재능이 있다는 말을 들은 고동만은 처음으로 뿌듯함과 기쁨을 느끼지만 일진 나태희의 괴롭힘 때문에 다시 자신감을 잃어가던 그�� 구미오를 만나게 된다.자신의 눈에만 보이는 유령 친구 구미오의 위로와 응원 덕분에 조금씩 자존감을 찾아가는 고동만에게 축제의 엔딩 무대에 설 수 있는 기회가 생기고 고동만은 그 무대를 통해 학교의 인기스타로 거듭나게 되는데 갑자기 구미오가 보이지 않는다.전세가 역전된 고동만과 나태희는 다시 친구가 될 수 있을 것인가그리고 사라진 구미오는 과연 어디로 갔을까?
188412,스페셜,http://ticketimage.interpark.com/PlayDictionary/DATA/PlayDic/PlayDicUpload/040001/23/05/0400012305_188412_01.909.gif,뮤지컬,2023/03/02 ~ 2023/12/31,해당공연 공연장,"김성한,주승훈,권용덕",중학생이상 관람가,80분,"하이틴 뮤지컬<스페셜>은평범하지 않은 독특하고 개성 넘치는 친구들이 서로 다른 모습을 이해하며, 진정한 친구로 거듭나가는 코믹 성장 뮤지컬입니다.교실이라는 작은 공간 안에서 여러 개성이 부딪히며 갈등을 겪지만, 그 갈등을 통해서 서로를 이해하게 되는 이야기를 담아보았습니다.어려움 앞에서 ‘혼자’보다는 ‘함께’를 선택할 수 있음을 알려주는 교훈적인 작품입니다.","""매력있고 꾸밈이 없는 밝고 따뜻한 아이들의 이야기""시골 한적한 작은 학교에 싸움으로 인해 현태가 강제 전학을 오게 된다.그곳에서 영석이라는 친구와 한나라는 친구 그리고 선생님을 만나게 된다.이 곳 학급은 소규모의 학생으로 이루어져 있다.수학여행을 간다는 얘기를 듣고 회비를 걷는 날, 영석의 회비가 사라졌다.현태가 가져가는 걸 본 영석은 선생님한테 말하지 않는데…"
188414,초콜릿 사탕,http://ticketimage.interpark.com/PlayDictionary/DATA/PlayDic/PlayDicUpload/040001/23/05/0400012305_188414_01.053.gif,뮤지컬,2023/03/02 ~ 2023/12/31,해당공연 공연장,"이원석,민경찬,김은비,안규비,손우정,박범수,김주영,강은채...",중학생이상 관람가,80분,"사랑은 너무도 다채롭고, 너무도 광활하여 뭐라고 단정 지을 수 없다. 누군가에게는 사랑이지만 누군가에게 아픔이기도 하다. 그래서 사랑 얘기는 지극히 개인적인 감정일 수밖에 없다. [초콜릿 사탕]은 사랑 이야기다. 여기에서 사랑은 보이는 실체를 가지고 있다. 여자에게 있어서 사랑은 초콜릿이다. 남자에게 있어서 사랑은 사탕이다. 다양한 사람들에게 있어서 초콜릿과 사탕의 가치와 소중함을 재미있고 따뜻하며 감동적인 이야기로 무대화하고자 한다.","사랑에 대한 다섯 가지 이야기 <첫사랑, 짝사랑, 사랑과 우정, 프로포즈, 끝사랑> 초콜릿과 사탕이란 매개체를 통해 유쾌하고 감각적으로 그린 옴니버스 뮤지컬이다.사랑은 너무도 다채롭고, 광활하여 뭐라 단정 지을 수 없다. 누군가에게는 사랑이지만 누군가에게 아픔이기도 하다. [초콜릿 사탕]은 그런 사랑 이야기다. 사랑은 초콜릿처럼 향기롭고 부드러우며, 사탕처럼 촉촉하고 달콤하다. 사랑은 수 만 가지 옷을 입고 있어서 헷갈리게 하고, 종잡을 수 없게 하고, 행복하게도, 불행하게도 만든다. 또한 가장 위대한 힘을 주는 원천이기도 하다.내 인생은 내세울 것 하나 없는 평범 그 자체였다. 평범하게 지나간 내 인생에서 가장 특별한 일이 무엇인지 물어온다면, “누군가를 만나 좋았고, 그와 사랑해서 행복했다. 그 사랑을 지키기 위해 살았고, 그로 인해 힘겨운 나날이지만 웃을 수 있었다. 지금도 난 그를 사랑하기에 편히 눈을 감을 수 있다.”라고 말하겠다."
188415,헬로 고스트,http://ticketimage.interpark.com/PlayDictionary/DATA/PlayDic/PlayDicUpload/040001/23/05/0400012305_188415_01.955.gif,뮤지컬,2023/03/02 ~ 2023/12/31,해당공연 공연장,"엄희준,민나리,최정윤,이승준,장문수",중학생이상 관람가,80분,등장인물들의 학교생활을 통해 친구와 있을 때와 적대적인 아이들과 있을 때 편안함과 불안함 정반대의 두 감정을 함께 느끼며 몰입하도록 했습니다.왕따라는 다소 무거운 주제에 정면으로 맞서는 주인공의 모습에서 그동안 외면하고 방치해왔던 문제와 언젠가 마주하게 된다는 것을 알게됩니다.돌이킬 수 없는 일로 발목을 잡히는 일이 없도록...잘못된 길의 끝은 어디일지 그 결말에 대해 반전으로 풀어가는 이야기입니다.,"한적한 어느 학교 소희라는 학생의 전학 소식 낯선 학생의 출연으로 학교의 아이들은그를 경계하는 눈초리다. 하지만 소희는 이상하게도 왕따를 자처하며 학교생활을 이어간다. 모두가 소희를 괴롭히고 경계하지만, 일우라는 잘생긴 남학생은 소희의 둘도 없는 친구가 되어 준다.소희를 괴롭히는 학생들에게 왕따 신분의 소희는 술. 담배. 행동들에 대해 지적을 하면서 그들의 요구를 들어주는 알 수 없는 행동을 하며 소희의 유일한 친구 일우의 신비스러운 행동들. 모든 것이 의문점투성이다.왕따를 자처한 이상한 전학생 그리고 그를 위하는 한 남자그들의 좌충우돌 스토리"
188624,투모로우 모닝,http://ticketimage.interpark.com/PlayDictionary/DATA/PlayDic/PlayDicUpload/040001/23/05/0400012305_188624_01.253.gif,라이선스,2023/06/03 ~ 오픈런,대학로 자유극장,"렉스,정현준,천관우,김안젤라,박혜원,한수민,문준혁,임창민,오태후,이미경,김소정,김솔...",8세이상,90분,,
189860,더퍼포머 키즈 매직쇼 - 청주,http://ticketimage.interpark.com/PlayDictionary/DATA/PlayDic/PlayDicUpload/040001/23/06/0400012306_189860_01.816.gif,어린이/가족,2023/06/24 ~ 2023/11/30,더퍼포머 씨어터,,전체관람가,60분,,
190028,세종 이도의 꿈,http://ticketimage.interpark.com/PlayDictionary/DATA/PlayDic/PlayDicUpload/040001/23/06/0400012306_190028_01.521.gif,어린이/가족,2023/09/30 ~ 2023/11/26,경복궁 아트홀,,24개월이상,60분,,
190424,페인터즈,http://ticketimage.interpark.com/PlayDictionary/DATA/PlayDic/PlayDicUpload/040001/23/07/0400012307_190424_01.354.gif,퍼포먼스,2023/07/07 ~ 2023/12/31,명보아트홀,,전체관람가,70분,,
190705,이토록 보통의,http://ticketimage.interpark.com/PlayDictionary/DATA/PlayDic/PlayDicUpload/040001/23/07/0400012307_190705_01.230.gif,창작,2023/08/29 ~ 2023/11/12,예스24스테이지 3관,"최연우,김예원,강지혜,임준혁,정휘,황휘...",12세이상,95분,,
191010,인사이드 윌리엄,http://ticketimage.interpark.com/PlayDictionary/DATA/PlayDic/PlayDicUpload/040001/23/07/0400012307_191010_01.635.gif,창작,2023/09/12 ~ 2023/12/03,아트원씨어터 1관,"원종환,최호중,김아영,임준혁,임진섭,정지우,이아름솔,김수연,김이후,주민진,최민우,유태율...",만 8세이상,,,
191027,타오르는 어둠 속에서,http://ticketimage.interpark.com/PlayDictionary/DATA/PlayDic/PlayDicUpload/040001/23/07/0400012307_191027_01.711.gif,창작,2023/08/26 ~ 2023/11/26,링크아트센터 페이코홀,"박정원,양희준,노윤,한재아,주다온,정재환,홍승안,윤재호,이영미,문혜원,이진혁,황성재,전해주,선유하,조민호,박주혁,김도원,이지우,김하연,김동준...",중학생이상 관람가,150분 (인터미션 : 15분),"전 세계 최초 뮤지컬화!미겔 데 세르반테스 상, 국립문학상, 마리아 롤란드상 등 수많은 상을 수상한 스페인 희곡의 거장, 안토니오 부에로 바예호(Antonio Buero Vallejo) 첫 번째 희곡 ‘타오르는 어둠 속에서(In The Burning Darkness)가 세계 최초 뮤지컬로 재탄생하다!각색과 연출 성종완, 작곡/음악감독 김은영뮤지컬 <사의찬미>, <웨스턴 스토리>에 이어 또 한 번 기대되는 두 창작자의 시너지로 완성도 높은 창작 뮤지컬을 선보인다!","장애를 잊고 자유롭고 평화롭게 살아가는‘돈 파블로 맹인학교’의 학생들···그들 중 리더인 까를로스와 후아나는모두의 부러움을 사는 우등생 커플이다.개학 첫날, 그들만의 완전한 세상에염세적이고 비관적인 태도의 ‘이그나시오’가 입학한다.이후 이그나시오의 존재로 인해학생들은 조금씩 자신들의 장애를 인식하고 자신감을 잃어간다.까를로스와 후아나는 이를 바로잡기 위해서 나서지만학교는 점점 더 혼란에 빠지게 되는데…"
191436,칠칠,http://ticketimage.interpark.com/PlayDictionary/DATA/PlayDic/PlayDicUpload/040001/23/07/0400012307_191436_01.814.gif,창작,2023/09/05 ~ 2023/11/26,예스24스테이지 2관,"박규원,안재영,김준영,조상웅,송유택,김현진,홍기범,김주호,이시안...",만 10세이상,90분,,
191677,쇼맨,http://ticketimage.interpark.com/PlayDictionary/DATA/PlayDic/PlayDicUpload/040001/23/08/0400012308_191677_01.630.gif,뮤지컬,2023/09/15 ~ 2023/11/12,국립정동극장(서울),"윤나무,신성민,강기둥,정운선,박란주,이수빈,안창용,장민수,이현진,김연진,김대웅,장두환,이다정,전성혜...",만 13세이상,120분,,
191859,후크,http://ticketimage.interpark.com/PlayDictionary/DATA/PlayDic/PlayDicUpload/040001/23/08/0400012308_191859_01.953.gif,창작,2023/09/05 ~ 2023/11/26,아트원씨어터 2관,"손유동,박상혁,최호승,김도빈,동현,김지온,정우연,김주연,최미소...",14세이상,90분,,
191923,언제는 행복하지 않은 순간이 있었나요 - 부산,http://ticketimage.interpark.com/PlayDictionary/DATA/PlayDic/PlayDicUpload/040001/23/08/0400012308_191923_01.639.gif,창작,2023/08/31 ~ 2023/12/31,부산 엠스테이지,,전체관람가,120분,,
191988,오리지널 과학마술콘서트,http://ticketimage.interpark.com/PlayDictionary/DATA/PlayDic/PlayDicUpload/040001/23/08/0400012308_191988_01.628.gif,어린이/가족,2023/10/07 ~ 2023/11/26,"한국방송회관 코바코홀 (구,브로드홀)",,전체관람가,55분,,
192003,썸데이,http://ticketimage.interpark.com/PlayDictionary/DATA/PlayDic/PlayDicUpload/040001/23/08/0400012308_192003_01.204.gif,창작,2023/09/01 ~ 2023/12/31,업스테이지,"김여진,서찬양,김아름,이채림,구문회,이제성,김선오,윤동환,박소진,조윤진,김태린,정영원,강민석,김호창,이재현,정지환,최이재,박소영,엄대,최미정...",만 7세이상,100분,,
192108,더 데빌 : 에덴,http://ticketimage.interpark.com/PlayDictionary/DATA/PlayDic/PlayDicUpload/040001/23/08/0400012308_192108_01.808.gif,창작,2023/09/21 ~ 2023/11/26,유니플렉스 1관 (대극장),"김찬호,조형균,김준영,정동화,박규원,백인태,여은,이지연,이재림,이기현,반정모,김우성,이효정,김명지...",중학생이상 관람가,100분,"기존 법칙을 파괴하고 뮤지컬의 새로운 공식을 쓴 문제적 작품뮤지컬 <더데빌> 10년 만의 후속작이전에도, 지금도, 앞으로도 이어질 이야기초연 10주년을 맞아 탄생한 <더데빌:에덴>을 통해 계속되는 빛과 어둠의 내기끝없는 인간의 욕망, 빛을 향한 방황이라는 작품의 세계관을 확장시킨다!빛도 어둠도 인간의 선택세계를 뒤흔든 전염병과 바이러스, 욕망과 혼돈이 범람하는 시대에인간 내면의 빛과 어둠은 인간을 향해 어떻게 손 내미는가인간은 무엇을 선택할 것인가에 관한 근원적 질문을 던지다.또 한 번 관객들을 유혹하는 <더데빌>이란 황홀경독창적 세계관을 완성할 오리지널 크리에이터[극작/작사] 이지나  [작곡/작사] Woody Pak(우디 박)새로운 세계를 탄생시킬 최고의 유니온[극작/작사] 우찬  [음악감독/작곡/작사] 신은경[연출] 오루피나 [안무] 채현원",
192175,슈퍼스타 뽀로로 드림콘서트,http://ticketimage.interpark.com/PlayDictionary/DATA/PlayDic/PlayDicUpload/040001/23/08/0400012308_192175_01.256.gif,어린이/가족,2023/09/30 ~ 2023/11/12,로운아트홀,,전체관람가,80분,,
192289,셜록홈즈,http://ticketimage.interpark.com/PlayDictionary/DATA/PlayDic/PlayDicUpload/040001/23/08/0400012308_192289_01.228.gif,창작,2023/09/14 ~ 2023/11/12,두산아트센터 연강홀,"송용진,김준현,오종혁,구민진,방진의,최우리,조성윤,김우진,이석준,정명은,린지,박새힘,조남희,김수정,양희웅...",만 12세이상,160분 (인터미션 : 15분),"한국 최초 시즌제 뮤지컬 <셜록홈즈>는 2011년 뮤지컬 <셜록홈즈: 앤더슨가의 비밀>초연 이후 한국뮤지컬대상 최우수작품상, 작곡상, 극본상 및 2012년 더뮤지컬어워즈 올해의 창작뮤지컬상, 작곡작사상, 극본상, 연출상 등 주요 시상식에서 수많은 상을 휩쓸며 작품성과 대중성을 동시에 인정받았고 일본에도 수출되어 해외 진출에도 성공했다.평단과 관객을 모두 매료시킨 웰메이드 뮤지컬 <셜록홈즈: 앤더슨가의 비밀>이 다시 무대로 돌아온다.","19세기 말 런던 크리스마스이브.영국 최고의 명문가 앤더슨가에서 울린 두 발의 총성 그리고 사라진 한 여인!보름 후, 거액의 사례금과 ‘셜록홈즈’의 사무실로 앤더슨 가의 세 남자가 찾아온다.유일한 상속자로 모든 것을 손에 쥔 형 ‘아담 앤더슨’, 1분 차이로 모든 것을 포기해야했던 그의 쌍둥이 동생 ‘에릭 앤더슨‘, 그리고 두 형제의 숙부 ‘포비 앤더슨’세 명의 의뢰는 단 하나! “루시 존스를 찾아 주시오!”범죄가 없는 런던에 지루해하던 셜록은 새로운 사건에 흥분하며 왓슨과 함께 사건을 맡는다.수사가 시작되자 ‘앤더슨가‘ 주변의 인물들이 한 명씩 살해당하기 시작하는데…"
192444,번개맨,http://ticketimage.interpark.com/PlayDictionary/DATA/PlayDic/PlayDicUpload/040001/23/08/0400012308_192444_01.053.gif,어린이/가족,2023/10/14 ~ 2023/11/12,디큐브 링크아트센터,,24개월이상,70분,,
192480,문스토리,http://ticketimage.interpark.com/PlayDictionary/DATA/PlayDic/PlayDicUpload/040001/23/08/0400012308_192480_01.139.gif,창작,2023/09/26 ~ 2023/12/10,대학로 드림아트센터 4관,"정상윤,성연,김진욱,김준호,소정화,박새힘,주다온,장보람,강찬,김리현,김지웅,전민지,조영화,표바하,이채원...",14세이상,100분,,
192497,비더슈탄트,http://ticketimage.interpark.com/PlayDictionary/DATA/PlayDic/PlayDicUpload/040001/23/08/0400012308_192497_01.918.gif,창작,2023/09/12 ~ 2023/11/26,대학로 드림아트센터 1관,"송유택,안지환,황순종,정백선,김바다,김지온,동현,이진우,김이담,손지환,김도현,김방언,이태이,김민강,박선영,곽다인,정선기,한정훈,이한솔,류동휘...",만 13세이상,155분 (인터미션 : 15분),"“욕망을 따라 순응할 것인가, 모든 것을 잃더라도 반항할 것인가.”웰메이드 창작 뮤지컬 <비더슈탄트> 2023년 최대 화제작의 귀환!유료 객석 점유율 98%, 초연 3개월 만에 누적관객 2만 2천명 돌파!‘2022 대학로 민간공연장 공연 티켓예매순위 상위권 20개 공연’ 랭크!대학로 최고 화제작 <비더슈탄트>가 돌아오다!믿고 보는 24명의 실력파 배우 총 집결! 완벽 캐스팅 라인업!매그너스 역 송유택, 안지환, 황순종, 정백선,아벨 루터 역 김바다, 김지온, 동현, 이진우,프레드릭 칼 역 김이담, 손지환, 김도현, 김방언,하겐 악스만 역 이태이, 김민강, 박선영, 곽다인,재스퍼 뮬러 역 정선기, 한정훈, 이한솔, 류동휘,라인하르트 클레어 역 이승현, 김보현, 조풍래, 조상웅압도적인 연기력과 가창력으로 관객을 마음을 사로잡을 가장 완벽한 캐스팅을 만나다!","1938년 독일, 야심찬 17세 매그너스는 최고의 펜싱 선수가 되기 위해 가장 친한 친구 아벨과 함께 독일의 엘리트 스포츠 학교에 입학하지만, 학교에 대한 뜻밖의 진실을 알게된다.매그너스와 아벨은 펜싱부 친구들과 함께 학교의 비밀을 파헤치고 알리기 시작하면서 그들만의 저항 활동을 시작한다.한편, 매그너스는 학교의 최고 책임자인 클레어 단장의 관심과 인정을 받으면서 흔들리기 시작하는데…."
192543,뉴미디어뮤지컬 - 제주,http://ticketimage.interpark.com/PlayDictionary/DATA/PlayDic/PlayDicUpload/040001/23/08/0400012308_192543_01.300.gif,창작,2023/08/22 ~ 2023/12/31,노형수퍼마�R,,전체관람가,70분,,
192626,블랙메리포핀스,http://ticketimage.interpark.com/PlayDictionary/DATA/PlayDic/PlayDicUpload/040001/23/08/0400012308_192626_01.547.gif,창작,2023/09/21 ~ 2023/12/03,서경대학교 공연예술센터 SKON1관,"김도빈,김대현,양승리,윤승우,황휘,최재웅,노윤,김 수,김서연,이정화,김서환,김기택,이준우,홍성원,임강희,홍륜희,전경수,임찬민,강연정,송상은...",16세이상,105분,"대한민국 대표 심리 추리 스릴러 뮤지컬 <블랙메리포핀스>매 시즌 유료 객석 점유율 80% 이상을 기록한 흥행 불패의 주인공!작품성과 흥행성을 모두 갖춘 심리 추리 스릴러 웰메이드 창작 뮤지컬 <블랙메리포핀스>가 돌아왔다.지난 10년 동안 공연된 한스, 헤르만, 요나스 버전에 이어2023년, <블랙메리포핀스>의 완결판 ‘안나의 방’을 새롭게 선보인다.2012년 초연, 2013년, 2014년 ‘메리포핀스 살인 사건을 위한 변호’ 한스 ver.2016년 ‘모래 사나이가 나오는 꿈’ 헤르만 ver.2020년, 2021년 ‘숲의 기억’ 요나스 ver.2023년 ‘안나의 방 - 두 개의 책상’ 최종 ver.같은 사건을 바라보는 주인공들의 서로 다른 관점!단순히 내레이터가 교체되는 것이 아니라치밀하게 계산된 대본에 따라 사건에 대해 느끼는 인물들의 심리 변화를 그려낸다.<블랙메리포핀스> 완결판 ‘안나의 방’에는 네 명의 아이들 외에1945년의 안나가 특별 출연해, ‘1945 안나’의 서술로 극이 진행된다!1938년 로먼 박사의 연구실에서 헤어진 후,다시 7년이 지난 1945년.여전히 살아남아 여전히 기억하며, 존재하고 있는 아이들은이제 “안나의 방”에서 다시 만나 기억의 방문을 스스로 연다.한국, 중국, 일본아시아 3개국에서 모두 성공한 창작 뮤지컬의 유례없는 신화2014년 도쿄 초연에 이어 2016년 일본 전국 투어는 물론2018년, 2019년, 2020년 중국 상하이와 베이징에서도 흥행 성공!5명의 배우만으로 대극장 무대와 객석을 가득 채우며 전석 매진을 기록큰 호평 속에서 수많은 마니아를 양산하며 명실상부 한국 최고의 웰메이드 창작 뮤지컬임을 입증했다!동화 <메리포핀스>를 모티브로 한 발상의 전환‘WHO’가 아닌 ‘WHY’를 찾아가는 심리 추리 스릴러동화 <메리포핀스>를 뒤집은 상상력2023년, 뮤지컬 <블랙메리포핀스>가 다시 한번 관객들의 마음을 울린다.1926년 나치 정권 아래의 독일.불타버린 대저택과 안개 속에 사라진 수요일의 기억, 그리고 그 기억으로의 귀로‘WHY’를 찾는 과정을 통해 주인공들의 심리 상태를 조명하고그들이 선택한 삶을 방식을 통해 주제를 드러낸다.","1926년, 독일의 저명한 심리학자 그라첸 슈워츠 박사 대저택 화재 사건!화재로 인해 대저택은 물론 시체마저 훼손되어 흔적도 남지 않은 이 사건은 세간에 널리 알려지며 강렬한 인상으로 각인된다. 박사의 연구 조교이자 입양된 네 아이들의 보모였던 메리 슈미트가 아이들을 극적으로 구출하고 전신화상을 입은 채 사라졌기 때문이다.화재사건 다음날, 메리는 병원에서 실종되어 수배령이 떨어졌고, 아이들은 화재 당시 있었던 일에 대해 아무것도 기억하지 못했다. 그렇게 사건은 미제 사건으로 일단락되는 듯했다.12년이 지나 사건은 사람들의 기억 속에서 서서히 사라졌고, 네 명의 아이들도 각기 다른 집에 입양돼 새로운 삶을 살아가고 있었다. 담당 형사였던 발터가 죽기 직전, 그라첸 박사의 비밀수첩을 한스에게 건네기 전까지는…다시 7년이 지난 1945년.절대 끝나지 않을 것 같았던 나치 정권의 붕괴 후, 어느 서점 2층의 작은 방.이 방에서 심리학계를 넘어 전후 상처받은 사회 전반에 큰 반향을 일으키는 사건이 벌어진다.한때는 메리 슈미트의 연구실이었고 이제는 안나 레아의 연구실이 된 그 방에서네 명의 아이들은 스스로 의자에 앉아 무의식 속 기억의 방문을 연다.그리고 그 오래되고 작은 방 속에 갇혀 있던 자신들의 이름을 꺼내어 기어이 삶을 증명한다."
192884,룰렛,http://ticketimage.interpark.com/PlayDictionary/DATA/PlayDic/PlayDicUpload/040001/23/08/0400012308_192884_01.854.gif,뮤지컬,2023/10/13 ~ 2023/11/12,연남장,"서동진,조현우,이무현,차이도,진소연,이수정,이민규,정재헌,이예빈,가희...",15세이상,90분,"두 남자의 모든 것을 건 내기가 시작된다!이머시브 뮤지컬 <룰렛>>> 작품 평점 9.98점에 빛나는 수작 ‘오민혁 단편선’ 수록작 ‘룰렛’ 원작무대에서 펼쳐지는 스릴과 반전독특한 그림체와 뛰어난 스토리텔링으로 오민혁 신드롬을 일으킨2015년 네이버 웹툰 ‘오민혁 단편선’ 수록작 ‘룰렛’이 이머시브 창작뮤지컬로 다시 태어나다모든 것을 건 스릴 넘치는 내기의 현장,반전에 반전을 더한 놀라운 이야기가 이번엔 무대에서 펼쳐진다>> 믿고 보는 창작진 김가람 작가 & 이한밀 작곡가의 합작관객 만족도 96점의 높은 완성도2020 한국뮤지컬어워즈 작품상을 수상한 김가람&이한밀 콤비의 또 하나의 합작품오픈워크숍에서 관객 만족도 96점을 기록하며 작품성을 인정받은이머시브 뮤지컬 ‘룰렛’이 완성도를 높여 본공연으로 돌아왔다.>> 내기를 시작해 모두의 앞에서! 당신은 사건의 목격자가 된다관객참여로 완성되는 이머시브 뮤지컬관객은 파티에 초대된 사건의 목격자가 된다시작 전 프리쇼부터 배팅에 따라 바뀌는 결말까지넘치는 생동감과 확실한 몰입감객석과 무대의 구분을 허물고 배우와 관객이 함께 만들어가는 이머시브 뮤지컬>> 극을 더욱 풍성하게 만들어줄 새로운 캐스트의 합류완벽한 파티를 위한 10인의 배우진대저택의 주인이자 파티의 주최자 ‘포우’ 역 서동진 조현우거리의 부랑자이자 포우의 숨겨진 동생 ‘도일’ 역 이무현 차이도포우가 사랑하는 여인이자 게임의 또다른 변수 ‘아가사’ 역 진소연 이수정파티의 진행과 안내를 도와줄 ‘프라이드’, ‘러스트’, ‘엔비’, ‘그리드’ 역의이민규 정재헌 이예빈 가희까지오픈 워크숍을 통해 큰 호평을 받은 기존의 배우들에극을 더욱 풍성하게 만들어줄 새로운 캐스트가 더해져만들어내는 완벽한 연기 앙상블","<시놉시스>포우가 사는 비밀스러운 대저택의 문이 열리고 파티에 관객들이 초대된다. 그들 사이를 떠도는 거지 도일. 그는 도박에서 돈을 잃자 소란을 피우고, 그걸 본 포우는 그를 자신의 파티에 초대한다.포우는 손님들에게 환영의 인사를 건넨 후, 사실 이 파티의 주인은 따로 있다고 말하며, 대저택의 문을 걸어 잠근다. 그가 말한 이 파티의 주인공은 바로 거지 도일. 그는 사실 15년 전 포우와 고아원에서 이별한 후, 사고로 모든 기억을 잃어버린 유일한 형제였던 것.포우는 도일에게 자신과 내기를 해서 이기면 대저택과 전 재산을 주겠다고 한다. 하지만 도일이 게임에 지면 그에게 목숨을 내놓으라고 제안하는데…포우가 도일과 게임을 하려는 이유는 무엇일까.쾌락의 게임 속 진정한 승자는 누구일까."
193057,라인업,http://ticketimage.interpark.com/PlayDictionary/DATA/PlayDic/PlayDicUpload/040001/23/09/0400012309_193057_01.813.gif,뮤지컬,2023/09/12 ~ 2023/12/28,성균관대학교 새천년홀,"송정현,이한솔,임성목,김태희,박재석,이호찬,김영수,손대영,손지혜...",중학생이상 관람가,90분,"다섯 명의 아이돌 연습생이 그려내는 청춘 드라마로 꿈과 현실, 나와 우리 사이의 갈등과 문제들을 건강하게 헤쳐나가는 열정적이고 에너지 넘치는 뮤지컬이다.번번히 최종 오디션에서 떨어지는 데뷔 기회.계속되는 좌절로 인해 서로에게는 점점 불신과 오해만 쌓이고 각자가 처한 현실에 의해 지쳐가는데, 과연 이 다섯 명의 어리고 열정 넘치는 청년들이 어떠한 개인의 희생을 통해 다수가 행복한 길을 찾을 수 있을까그리고 그 들 앞에 나타나 좌절과 때로는 용기와 에너지를 전달하는 수많은 주변사람을 맡아 열연하는 두 배우의 캐릭터 변신에 주목해보자.꿈을 향해 함께 나아가는 연습생들의 끊임없는 도전과 노력, 그리고 팀워크의 소중함을 그린 창작 뮤지컬 <라인업 :THE 오디션>은 연습생들이 하나의 꿈과 목표 아래 함께 모여 노력하는 모습을 통해, 청소년들도 꿈을 이루기 위해서는 포기하지 않고 노력하는 자세와 희망을 잃지 않아야 한다는 점을 알려주는 교훈적인 작품입니다. 학생들에게 선호도가 높은 K-POP넘버와 화려한 퍼포먼스로 깊은 공감과 호응을 이끌어 내고 있습니다.","5인조 아이돌 연습생 (지수, 나봄, 현민, 연서, 호찬)은 '더 레전드'팀으로 같이 연습하며, 기획사에서 열리는 최종 라인업에서 번번이 떨어지게 된다. 결국 회사에서는 오랫동안 남아 있는 연습생을 정리하기로 결정하고, 마지막 오디션을 위해 심기일전 준비를 한다. 자신보다 팀을 더 중요하게 생각하는 대장 지수, 부드럽게 팀원들을 챙겨주며 연습이 끝나면 아르바이트를 하며 집안을 책임지고 있는 나봄, 언제나 남부러울 것 없이 도련님으로 자란 메인보컬 유학파 현민, 솔직하고 담백한 여자 메인보컬 연서, 꿈 많고 열정 넘치는 호찬 까지 그들은 최선을 다해 준비해서 최종 라인업까지 올라가지만 결국 현민이의 실수로 인해서 최종에서 떨어지고 만다. 그로 인해 서로 이야기는 안 하지만 많이들 지치게 되고 회사에서도 결과에 대한 상황을 기다리게 된다. 과연 그들은 희망이 없는 상황을 극복하고 최종 라인업에 들어가 아이돌 데뷔를 성공할 수 있을 것인가?"
193228,푸에르자 부르타 웨이라,http://ticketimage.interpark.com/PlayDictionary/DATA/PlayDic/PlayDicUpload/040001/23/09/0400012309_193228_01.326.gif,오리지널,2023/10/24 ~ 2024/01/28,서울숲,,만 7세이상,70분,"전 세계가 열광한 크레이지 아트 퍼포먼스푸에르자 부르타 국내 초연 10주년2013년, 2018년, 2019년, 2022년 그리고 2023년까지10년간 함께한 FUERZA BRUTA WAYRACRAZY! LOUD! WET! TOUCHING!열정과 환호로 가득 찬 이 순간을 더욱 뜨겁게#푸에르자부르타 #미친공연 #인생공연무대의 새로운 정의!전후좌우 그리고 머리 위에서 내려오는 특별한 무대의 향연무대와 객석의 경계를 허물고 모든 공간을 무대로 활용예측할 수 없는 공간에서 등장하는 배우이전에 없던 새로운 경험!공중에 흩날리는 종이 꽃가루, 천장에서 쏟아지는 물, 빛과 바람은 관객을 공연으로 더 가깝게 끌어들인다.배우가 내려치는 소품을 맞고 함께 춤추며 열광하는 순간 관객은 공연의 일부가 된다.",
193572,안동역에서 - 안동,http://ticketimage.interpark.com/PlayDictionary/DATA/PlayDic/PlayDicUpload/040001/23/09/0400012309_193572_01.807.gif,뮤지컬,2023/09/02 ~ 2023/12/24,안동 한국문화테마파크 전통극장,"이승욱,유하진,김규리,정태연,노승환",초등학생이상 관람가,70분,"안동시 안동역을 배경으로 펼치는 일명 스테이션 뮤지컬 ‘안동역에서’는 안동의 문화와 사랑, 사람 사는 이야기에 우리나라 철도의 역사를 녹여냄으로서 안동의 대표 레퍼토리로 발전시키는 데에 의의가 있을 것이다. 그리하여 안동은 물론 안동을 찾는 많은 내외국인들에게도 추억을 되살리고, 삶을, 소중한 사람들을 돌아보는 계기가 되게 할 것이다.","때는 1970년. 안동의 청년이었던 차선남과 김선녀는 서로에게 첫눈에 반해 사랑에 빠지게 된다. 하지만 집안의 반대에 부딪혀 이루어질 수 없는 사랑이 되고, 선녀의 결혼식 전날 함께 도망치자던 약속도 지켜지지 않는다.첫눈 오는 날 맺었던 맹세는 허무하게 사라지고, 기차역의 기다림은 오래도록 이루어지지 않는데… 그 시절의 청춘들의 사랑과 맹세, 그리고 추억.추억 회상 뮤지컬 ‘안동역에서’"
194025,볼륨업,http://ticketimage.interpark.com/PlayDictionary/DATA/PlayDic/PlayDicUpload/040001/23/09/0400012309_194025_01.743.gif,창작,2023/10/06 ~ 2024/01/28,서울숲 씨어터 1관,,만 8세이상,110분,,
194236,세례요한,http://ticketimage.interpark.com/PlayDictionary/DATA/PlayDic/PlayDicUpload/040001/23/10/0400012310_194236_01.529.gif,창작,2023/10/12 ~ 2023/12/30,북촌나래홀,,만 11세이상,90분,,
194726,라인업 더 오디션,http://ticketimage.interpark.com/PlayDictionary/DATA/PlayDic/PlayDicUpload/040001/23/10/0400012310_194726_01.809.gif,창작,2023/11/01 ~ 2023/12/29,성균관대학교 새천년홀,,만 8세이상,90분,,
195220,빨간모자와 늑대 - 광주,http://ticketimage.interpark.com/PlayDictionary/DATA/PlayDic/PlayDicUpload/040001/23/10/0400012310_195220_01.918.gif,어린이/가족,2023/11/01 ~ 2023/11/29,롯데마트 월드컵점 3층 행복을 주는 가족극장,,전체관람가,50분,,
195267,페인터즈,http://ticketimage.interpark.com/PlayDictionary/DATA/PlayDic/PlayDicUpload/040001/23/10/0400012310_195267_01.803.gif,퍼포먼스,2023/11/01 ~ 2023/12/31,명보아트홀,,전체관람가,75분,,
167486,장수탕 선녀님,http://ticketimage.interpark.com/PlayDictionary/DATA/PlayDic/PlayDicUpload/040001/21/08/0400012108_167486_01.421.gif,어린이/가족,2021/09/16 ~ 2024/03/03,서울숲 씨어터 2관,"한송이,박시연,한리예,최승환,최혜인,박시온,양다은,이서은,최성애,김인섭,이용호,김명훈,박나연,변민슬,권유진,한혜란,안가은,최미성...",12개월이상,60분,,
169908,스크루테이프의 편지,http://ticketimage.interpark.com/PlayDictionary/DATA/PlayDic/PlayDicUpload/040001/21/11/0400012111_169908_01.011.gif,창작,2022/01/01 ~ 2023/12/30,북촌나래홀,,만 12세이상,80분,,
173988,라면에 파송송,http://ticketimage.interpark.com/PlayDictionary/DATA/PlayDic/PlayDicUpload/040001/22/04/0400012204_173988_01.746.gif,창작,2022/04/23 ~ 2024/01/27,로즈아트홀 (구.노방극장),"김재선,김슬기,김태경",만 10세이상,100분,,
192313,테레즈 라캥 - 공주,http://ticketimage.interpark.com/PlayDictionary/DATA/PlayDic/PlayDicUpload/040001/23/08/0400012308_192313_01.009.gif,창작,2023/11/09 ~ 2023/11/11,공주문예회관 대공연장,"최연우,박정원,동현,김민강,오진영",중학생이상 관람가,150분,,
